Country Name,Country Code,Series Name,Series Code,2021 [YR2021],2020 [YR2020],2019 [YR2019],2018 [YR2018],2017 [YR2017],2016 [YR2016],2015 [YR2015],2014 [YR2014],2013 [YR2013],2012 [YR2012],2011 [YR2011],2010 [YR2010],2009 [YR2009],2008 [YR2008],2007 [YR2007],2006 [YR2006],2005 [YR2005],2004 [YR2004],2003 [YR2003],2002 [YR2002],2001 [YR2001],2000 [YR2000],1999 [YR1999],1998 [YR1998],1997 [YR1997],1996 [YR1996],1995 [YR1995],1994 [YR1994],1993 [YR1993],1992 [YR1992],1991 [YR1991],1990 [YR1990],1989 [YR1989],1988 [YR1988],1987 [YR1987],1986 [YR1986],1985 [YR1985],1984 [YR1984],1983 [YR1983],1982 [YR1982],1981 [YR1981],1980 [YR1980]
Brazil,BRA,Adjusted net national income (annual % growth),NY.ADJ.NNTY.KD.ZG,..,-4.20620115484741,1.56915432321065,0.0820405722430593,1.40879330569281,-3.30834960906,-3.77127262855312,-0.4644704472814,4.49132615281339,1.71689885308139,5.11541149604635,6.85992077030187,2.43150422590126,3.98773424267038,6.76170576954422,5.32186786300986,2.51186707718971,5.54815052641382,1.01000651881816,2.8085814493525,0.551245010758763,5.74567441482982,-2.71821651742049,-1.05050153757357,2.95034901280511,1.42673849939608,6.02522252290176,6.88499664960263,3.9434087671379,1.34417132811366,2.85108607626847,-13.4580327789332,-5.81548519054648,0.274593648358106,3.41935442350515,9.60326529293908,26.5708363840219,6.50245038325761,-4.25533219336276,-0.480225485441551,-5.83389423351112,4.62019470073449
Brazil,BRA,Adjusted net national income (current US$),NY.ADJ.NNTY.CD,..,1233087917414.15,1602259650198.15,1626199993469.64,1782128695914.5,1557752462027.25,1563367061772.04,2110204625287.97,2134580660433.96,2090688860371.32,2210996274783.66,1861236135227.77,1435917117713.29,1424244650344.12,1190702193970.81,939516295369.612,752404794564.926,565379168549.043,475296290777.287,433476088128.587,478056489084.627,561370250019.325,505375436335.423,739178617494.059,765176085773.379,742008132011.447,678904597931.759,458381063325.848,318856399350.561,286092574740.796,295388218724.143,332351171027.982,323997821080.008,278943837673.603,247455746211.413,223033009471.359,182390735869.664,173146986644.552,167768528557.034,234686511248.957,222531125426.532,198655236977.368
Brazil,BRA,Adjusted net national income per capita (annual % growth),NY.ADJ.NNTY.PC.KD.ZG,..,-4.84128461260993,0.793998164626174,-0.70923419534769,0.60854278336997,-4.08959365563182,-4.58192667097993,-1.31466902329225,3.58790782071998,0.805207840998932,4.14383862969636,5.86075991239976,1.45981868710305,2.9661311309503,5.66556187205691,4.19326908643684,1.37297526014434,4.35236754540591,-0.180566183124853,1.51843537590915,-0.767999240894696,4.3102049929101,-4.0900693488793,-2.49280147009792,1.41746441229316,-0.113744360740156,4.38159268861791,5.19879947634337,2.2770136941602,-0.322795330774937,1.08700283089587,-15.0102289362721,-7.56513732544677,-1.64987272878443,1.3701434862667,7.35837136791679,23.8925300185455,4.18655970042727,-6.38420989518694,-2.73152018803624,-8.00032526196458,2.18959307310185
Brazil,BRA,Adolescents out of school (% of lower secondary school age),SE.SEC.UNER.LO.ZS,..,3.43226003646851,2.35420989990234,2.43722009658813,4.46414995193481,3.18606996536255,4.43385982513428,5.1853199005127,4.49730014801025,5.60056018829346,3.36431002616882,..,1.03012001514435,..,5.11336994171143,..,..,..,..,..,..,..,..,..,..,..,..,..,..,..,..,..,..,..,..,..,..,..,..,..,..,..
Brazil,BRA,"Adolescent fertility rate (births per 1,000 women ages 15-19)",SP.ADO.TFRT,..,46.296,50.015,53.436,55.566,57.88,62.434,63.12,62.936,63.675,65.23,66.179,67.881,69.789,73.105,75.657,77.864,78.351,78.704,81.978,85.862,86.362,87.211,88.216,87.621,86.76,86.592,85.549,85.805,85.679,86.993,87.528,88.072,88.143,87.022,85.146,85.05,82.558,82.948,81.036,80.324,79.41
Brazil,BRA,"Adolescents out of school, female (% of female lower secondary school age)",SE.SEC.UNER.LO.FE.ZS,..,2.31728005409241,1.2104400396347,3.2838499546051,4.80787992477417,3.59065008163452,4.48376989364624,3.35857009887695,3.2386999130249,5.59808015823364,3.56852006912231,..,0.644209980964661,..,6.00762987136841,..,..,..,..,..,..,..,..,..,..,..,..,..,..,..,..,..,..,..,..,..,..,..,..,..,..,..
Brazil,BRA,"Adolescents out of school, male (% of male lower secondary school age)",SE.SEC.UNER.LO.MA.ZS,..,4.4818902015686,3.43145990371704,1.60766005516052,4.13127994537354,2.79314994812012,4.38572978973389,6.88018989562988,5.67806005477905,5.60293006896973,3.16722989082336,..,1.39667999744415,..,4.25383996963501,..,..,..,..,..,..,..,..,..,..,..,..,..,..,..,..,..,..,..,..,..,..,..,..,..,..,..
Brazil,BRA,"Children in employment, female (% of female children ages 7-14)",SL.TLF.0714.FE.ZS,..,..,..,..,..,..,1.53,2.20961609178223,2.071282,..,2.59,..,3.3,3.5,4,..,..,4.60644,..,..,..,..,..,..,..,..,..,..,..,..,..,..,..,..,..,..,..,..,..,..,..,..
Brazil,BRA,"Children in employment, male (% of male children ages 7-14)",SL.TLF.0714.MA.ZS,..,..,..,..,..,..,3.52,4.77860482242506,4.297545,..,5.75,..,6.6,6.9,8.1,..,..,9.4,..,..,..,..,..,..,..,..,..,..,..,..,..,..,..,..,..,..,..,..,..,..,..,..
Brazil,BRA,"Children in employment, total (% of children ages 7-14)",SL.TLF.0714.ZS,..,..,..,..,..,..,2.54,3.53264903343174,3.215266,..,4.2,..,5,5.2,6.1,..,..,7,..,..,..,..,..,..,..,..,..,..,..,..,..,..,..,..,..,..,..,..,..,..,..,..
Brazil,BRA,"Children in employment, unpaid family workers (% of children in employment, ages 7-14)",SL.FAM.0714.ZS,..,..,..,..,..,..,63.7,67.4817155756208,61.65,..,65.7,..,..,..,..,..,..,..,..,..,..,..,..,..,..,..,..,..,..,..,..,..,..,..,..,..,..,..,..,..,..,..
Brazil,BRA,"Children in employment, work only (% of children in employment, ages 7-14)",SL.TLF.0714.WK.ZS,..,..,..,..,..,..,4.04,4.45564334085779,4.995714,..,3.59368403123194,..,5.2,4.8,6.6,..,..,7.2,..,..,..,..,..,..,..,..,..,..,..,..,..,..,..,..,..,..,..,..,..,..,..,..
Brazil,BRA,Children out of school (% of primary school age),SE.PRM.UNER.ZS,..,4.5207200050354,0.573059976100922,0.519060015678406,0.390789985656738,0.838410019874573,0.718810021877289,0.136079996824265,0.459039986133575,2.19180989265442,4.99311017990112,..,2.36486005783081,..,0.753799974918365,..,0.539590001106262,2.02311992645264,1.35578000545502,..,..,..,..,..,..,..,..,..,..,..,..,..,..,..,..,..,..,..,..,..,..,..
Brazil,BRA,"Children out of school, female (% of female primary school age)",SE.PRM.UNER.FE.ZS,..,5.36605978012085,4.07058000564575,4.35776996612549,3.65213990211487,4.14936017990112,0.576309978961945,4.32600021362305,4.06819009780884,1.39788997173309,5.40983009338379,..,1.49212002754211,..,..,..,..,..,..,..,..,..,..,..,..,..,..,..,..,..,..,..,..,..,..,..,..,..,..,..,..,..
Brazil,BRA,"Children out of school, male (% of male primary school age)",SE.PRM.UNER.MA.ZS,..,3.69600009918213,4.31089019775391,5.27538013458252,4.76494979858398,4.35937023162842,0.855499982833862,3.64928007125854,3.83546996116638,2.9424901008606,4.58907985687256,..,3.18008995056152,..,..,..,..,..,..,..,..,..,..,..,..,..,..,..,..,..,..,..,..,..,..,..,..,..,..,..,..,..
Brazil,BRA,"Children out of school, primary",SE.PRM.UNER,..,658477,612571,709047,619485,630849,658888,600337,602121,896213,769460,..,314651,..,105832,..,75560,287197,182506,..,..,..,..,..,..,..,..,..,..,..,..,..,..,..,..,..,..,..,..,..,..,..
Brazil,BRA,"Children out of school, primary, female",SE.PRM.UNER.FE,..,385978,290889,311870,260722,301028,321036,320958,304494,400219,410387,..,95884,..,..,..,..,..,..,..,..,..,..,..,..,..,..,..,..,..,..,..,..,..,..,..,..,..,..,..,..,..
Brazil,BRA,"Children out of school, primary, male",SE.PRM.UNER.MA,..,272499,321682,397177,358763,329821,337852,279379,297627,495994,359073,..,218767,..,..,..,..,..,..,..,..,..,..,..,..,..,..,..,..,..,..,..,..,..,..,..,..,..,..,..,..,..
Brazil,BRA,"Compulsory education, duration (years)",SE.COM.DURS,14,14,14,14,14,14,14,14,14,8,8,8,8,8,8,8,8,8,8,8,8,8,8,8,..,..,..,..,..,..,..,..,..,..,..,..,..,..,..,..,..,..
Brazil,BRA,"Condom use, population ages 15-24, female (% of females ages 15-24)",SH.CON.1524.FE.ZS,..,..,..,..,..,..,..,..,..,..,..,..,..,..,..,..,..,..,..,..,..,..,..,..,..,17.8,..,..,..,..,..,..,..,..,..,..,..,..,..,..,..,..
Brazil,BRA,"Condom use, population ages 15-24, male (% of males ages 15-24)",SH.CON.1524.MA.ZS,..,..,..,..,..,..,..,..,..,..,..,..,..,..,..,..,..,..,..,..,..,..,..,..,..,50.8,..,..,..,..,..,..,..,..,..,..,..,..,..,..,..,..
Brazil,BRA,"Current education expenditure, primary (% of total expenditure in primary public institutions)",SE.XPD.CPRM.ZS,..,..,96.8712997436523,96.9968490600586,97.7680969238281,96.9617919921875,96.0952835083008,93.9988098144531,94.7193908691406,91.3513565063477,94.3173980712891,94.1575698852539,94.6043701171875,93.2212295532227,92.9845275878906,93.2655334472656,93.1742706298828,92.830940246582,..,90.0031814575195,91.077766418457,91.9165802001953,93.1752090454102,93.6108474731445,..,..,..,..,..,..,..,..,..,..,..,..,..,..,..,..,..,..
Brazil,BRA,"Current education expenditure, secondary (% of total expenditure in secondary public institutions)",SE.XPD.CSEC.ZS,..,..,97.2191696166992,97.1097564697266,97.729133605957,97.5982284545898,96.7785415649414,93.8419570922852,94.3498229980469,92.5086517333984,94.1712417602539,93.9366226196289,94.5865707397461,92.8899078369141,93.2849502563477,95.1604537963867,94.6236114501953,94.8647613525391,..,91.787467956543,93.1314315795898,94.4475784301758,96.0896835327148,95.9208984375,..,..,..,..,..,..,..,..,..,..,..,..,..,..,..,..,..,..
Brazil,BRA,"Current education expenditure, tertiary (% of total expenditure in tertiary public institutions)",SE.XPD.CTER.ZS,..,..,97.4178466796875,96.7340774536133,97.350341796875,95.090690612793,95.6393966674805,92.0353088378906,90.6901779174805,90.5843200683594,91.9855194091797,86.8707733154297,86.3871002197266,88.6545104980469,95.0941162109375,94.0714111328125,94.8393630981445,96.6965179443359,..,90.9161605834961,92.9409408569336,96.9163665771484,97.04736328125,97.6404266357422,..,..,..,..,..,..,..,..,..,..,..,..,..,..,..,..,..,..
Brazil,BRA,"Current education expenditure, total (% of total expenditure in public institutions)",SE.XPD.CTOT.ZS,..,..,97.0306930541992,96.9330520629883,97.5223693847656,96.6319885253906,96.0512619018555,93.4343032836914,93.7622909545898,92.0146102905273,93.884147644043,92.7514801025391,93.1786727905273,92.2513122558594,93.2888107299805,94.0681610107422,93.8673934936523,94.0661163330078,..,91.0330123901367,92.3102874755859,93.8585891723633,94.8745880126953,95.213508605957,..,..,..,..,..,..,..,..,..,..,..,..,..,..,..,..,..,..
Brazil,BRA,Current health expenditure (% of GDP),SH.XPD.CHEX.GD.ZS,..,..,9.5912714,9.46475124,9.47124863,9.16901207,8.90929508,8.39644623,7.97659969,7.73637724,7.78819466,7.94515991,8.39480209,8.01129246,8.20183945,8.24952602,8.03540993,8.12491989,8.18899918,8.69685745,8.54960632,8.33459282,..,..,..,..,..,..,..,..,..,..,..,..,..,..,..,..,..,..,..,..
Brazil,BRA,Domestic general government health expenditure (% of current health expenditure),SH.XPD.GHED.CH.ZS,..,..,40.74078369,41.09182358,41.73838043,43.06282806,43.25646591,44.05274582,44.51945877,43.36180878,44.49915695,45.02125549,44.16326523,43.74353027,42.48596573,42.92739487,41.6314621,42.67026901,42.85684204,42.38710403,41.08930588,41.63555527,..,..,..,..,..,..,..,..,..,..,..,..,..,..,..,..,..,..,..,..
Brazil,BRA,Domestic general government health expenditure (% of GDP),SH.XPD.GHED.GD.ZS,..,..,3.90755868,3.88923883,3.95314622,3.94843602,3.85384679,3.69886541,3.55113888,3.35463285,3.46568108,3.57701063,3.70741892,3.50442195,3.48463106,3.54130602,3.34525847,3.46692538,3.50954652,3.68634653,3.51297402,3.47015405,..,..,..,..,..,..,..,..,..,..,..,..,..,..,..,..,..,..,..,..
Brazil,BRA,Domestic general government health expenditure (% of general government expenditure),SH.XPD.GHED.GE.ZS,..,..,10.47412777,10.31530952,10.322999,9.96098709,10.01467323,9.6032362,9.48335266,9.01109314,9.2232275,8.96652412,9.99294472,9.3671751,9.26290607,9.03494263,8.41317558,9.08271027,8.56151581,9.47249889,9.69549656,10.06367397,..,..,..,..,..,..,..,..,..,..,..,..,..,..,..,..,..,..,..,..
Brazil,BRA,Domestic general government health expenditure per capita (current US$),SH.XPD.GHED.PC.CD,..,..,347.67692994,355.91903424,392.49513308,343.91138183,339.67780168,448.03720962,436.8038849,414.97557967,459.04267387,403.70429006,318.75631568,309.48163806,256.05695028,208.4551487,160.25282695,126.10287816,107.75836211,104.67368504,111.01912191,130.12746068,..,..,..,..,..,..,..,..,..,..,..,..,..,..,..,..,..,..,..,..
Brazil,BRA,Unemployment with basic education (% of total labor force with basic education),SL.UEM.BASC.ZS,16.2800006866455,16.8600006103516,14.6400003433228,14.8199996948242,15.4799995422363,13.6499996185303,8.82999992370605,6.65000009536743,6.88000011444092,7,8.72999954223633,..,10.6899995803833,9.30000019073486,10.5200004577637,11.1999998092651,12.4200000762939,11.7799997329712,13.0699996948242,12.5900001525879,12.8599996566772,..,13.4099998474121,12.5500001907349,11.1400003433228,10.0200004577637,8.97999954223633,..,..,..,..,..,..,..,..,..,..,..,..,..,..,..
Brazil,BRA,"Unemployment with basic education, female (% of female labor force with basic education)",SL.UEM.BASC.FE.ZS,22.2600002288818,21.6399993896484,18.1100006103516,17.8299999237061,18.4200000762939,16.4899997711182,10.6599998474121,8.09000015258789,8.72000026702881,8.82999992370605,12.539999961853,..,14.9300003051758,13.1199998855591,14.5699996948242,15.2200002670288,16.7999992370605,16.0400009155273,17.1599998474121,16.6200008392334,17.0200004577637,..,17.8500003814697,17.1399993896484,15.2700004577637,13.5600004196167,11.6599998474121,..,..,..,..,..,..,..,..,..,..,..,..,..,..,..
Brazil,BRA,"Unemployment with basic education, male (% of male labor force with basic education)",SL.UEM.BASC.MA.ZS,12.8900003433228,14.25,12.6000003814697,13.0500001907349,13.7399997711182,11.9799995422363,7.69999980926514,5.76000022888184,5.73999977111816,5.8600001335144,6.40000009536743,..,7.84999990463257,6.78999996185303,7.82999992370605,8.48999977111816,9.44999980926514,8.90999984741211,10.3900003433228,9.92000007629395,10.1800003051758,..,10.6599998474121,9.77000045776367,8.67000007629395,7.90999984741211,7.3899998664856,..,..,..,..,..,..,..,..,..,..,..,..,..,..,..
Brazil,BRA,Unemployment with intermediate education (% of total labor force with intermediate education),SL.UEM.INTM.ZS,15.039999961853,15.8299999237061,13.539999961853,13.9700002670288,14.3900003433228,13.3000001907349,7.40999984741211,4.03000020980835,4.26999998092651,4.15000009536743,8.64000034332275,..,10.9200000762939,9.68000030517578,10.8900003433228,10.9799995422363,11.8199996948242,11.4499998092651,12.3900003433228,11.9499998092651,11.210000038147,..,11.6999998092651,10.039999961853,8.98999977111816,7.38000011444092,6.73000001907349,..,..,..,..,..,..,..,..,..,..,..,..,..,..,..
Brazil,BRA,"Unemployment with intermediate education, female (% of female labor force with intermediate education)",SL.UEM.INTM.FE.ZS,19.1299991607666,19.2999992370605,16.7999992370605,16.8600006103516,17.2299995422363,15.9799995422363,8.68000030517578,4.71999979019165,5.13000011444092,5.01000022888184,11.6400003433228,..,14.289999961853,12.7600002288818,14.4799995422363,14.1000003814697,15.4200000762939,14.5500001907349,15.5100002288818,14.8999996185303,14.1700000762939,..,14.6800003051758,13.1700000762939,11.6099996566772,9.35999965667725,8.35000038146973,..,..,..,..,..,..,..,..,..,..,..,..,..,..,..
Brazil,BRA,"Unemployment with intermediate education, male (% of male labor force with intermediate education)",SL.UEM.INTM.MA.ZS,11.7299995422363,13.0699996948242,10.7700004577637,11.5200004577637,11.960000038147,11.0200004577637,6.11999988555908,3.22000002861023,3.26999998092651,3.13000011444092,5.82000017166138,..,7.73999977111816,6.75,7.42000007629395,7.96000003814697,8.31999969482422,8.39999961853027,9.30000019073486,9.02999973297119,8.25,..,8.71000003814697,7.01000022888184,6.44999980926514,5.48000001907349,5.15999984741211,..,..,..,..,..,..,..,..,..,..,..,..,..,..,..
Brazil,BRA,"Unemployment, total (% of total labor force) (modeled ILO estimate)",SL.UEM.TOTL.ZS,13.3400001525879,13.9300003051758,12.0500001907349,12.460000038147,12.9300003051758,11.7399997711182,8.5600004196167,6.76000022888184,7.07000017166138,7.25,7.57999992370605,8.03400039672852,9.42000007629395,8.27000045776367,9.27999973297119,9.6899995803833,10.5500001907349,10.0699996948242,11.1700000762939,10.6400003433228,10.6499996185303,10.5299997329712,11.1300001144409,10.1499996185303,9,8.02999973297119,7.09000015258789,6.46999979019165,6.03000020980835,6.42000007629395,6.36600017547607,..,..,..,..,..,..,..,..,..,..,..
Brazil,BRA,"Unemployment, male (% of male labor force) (national estimate)",SL.UEM.TOTL.MA.NE.ZS,10.6599998474121,11.7799997329712,10.0500001907349,10.7200002670288,11.1899995803833,10.0600004196167,7.21999979019165,5.59999990463257,5.67000007629395,5.80000019073486,5.44999980926514,..,6.92000007629395,6.01000022888184,6.84000015258789,7.34000015258789,7.94000005722046,7.63000011444092,8.89000034332275,8.42000007629395,8.4399995803833,..,8.76000022888184,7.84999990463257,7.03000020980835,6.34999990463257,5.8600001335144,..,5.15999984741211,5.40999984741211,..,3.82999992370605,3.00999999046326,3.53999996185303,3.33999991416931,2.22000002861023,3.17000007629395,3.90000009536743,4.61999988555908,4.69999980926514,3.90000009536743,..
Brazil,BRA,"Unemployment, male (% of male labor force) (modeled ILO estimate)",SL.UEM.TOTL.MA.ZS,10.8050003051758,11.96399974823,10.1540002822876,10.8339996337891,11.3120002746582,10.201000213623,7.2480001449585,5.61299991607666,5.68100023269653,5.80800008773804,5.49399995803833,5.86299991607666,6.97100019454956,6.05200004577637,6.88100004196167,7.38600015640259,7.99200010299683,7.68200016021729,8.94099998474121,8.4680004119873,8.49600028991699,8.34700012207031,8.81799983978271,7.90700006484985,7.07499980926514,6.39099979400635,5.88700008392334,5.47800016403198,5.22599983215332,5.4980001449585,5.46700000762939,..,..,..,..,..,..,..,..,..,..,..
Brazil,BRA,"Unemployment, female (% of female labor force) (national estimate)",SL.UEM.TOTL.FE.NE.ZS,16.4099998474121,16.2199993133545,14.3199996948242,14.3900003433228,14.8599996566772,13.5799999237061,10.289999961853,8.3100004196167,8.96000003814697,9.22000026702881,10.3500003814697,..,12.5799999237061,11.1700000762939,12.4099998474121,12.6999998092651,13.8900003433228,13.25,14.1899995803833,13.6099996566772,13.6700000762939,..,14.5799999237061,13.5900001525879,12.0299997329712,10.6400003433228,9.02000045776367,..,7.34000015258789,7.94999980926514,..,3.45000004768372,2.97000002861023,4.25,3.95000004768372,2.71000003814697,3.85999989509583,4.40000009536743,4.63000011444092,5.09000015258789,4.15999984741211,..
Brazil,BRA,"Unemployment, female (% of female labor force) (modeled ILO estimate)",SL.UEM.TOTL.FE.ZS,16.6840000152588,16.5790004730225,14.4899997711182,14.5780000686646,15.0550003051758,13.8050003051758,10.331000328064,8.32999992370605,8.97799968719482,9.23299980163574,10.4329996109009,10.960000038147,12.6730003356934,11.2480001449585,12.4840002059937,12.7790002822876,13.9809999465942,13.3400001525879,14.2720003128052,13.6879997253418,13.7600002288818,13.7770004272461,14.6759996414185,13.6890001296997,12.1059999465942,10.7089996337891,9.0620002746582,8.14900016784668,7.43400001525879,8.07999992370605,8.03800010681152,..,..,..,..,..,..,..,..,..,..,..
Brazil,BRA,Teenage mothers (% of women ages 15-19 who have had children or are currently pregnant),SP.MTR.1519.ZS,..,..,..,..,..,..,..,..,..,..,..,..,..,..,..,..,..,..,..,..,..,..,..,..,..,18,..,..,..,..,14.7,..,..,..,..,13.3,..,..,..,..,..,..
Brazil,BRA,"School enrollment, tertiary, male (% gross)",SE.TER.ENRR.MA,..,45.056999206543,46.2568283081055,45.1861000061035,43.710521697998,42.7302398681641,43.8963508605957,42.5647506713867,40.0720710754395,38.5209808349609,37.5700302124023,..,31.9057598114014,31.0656795501709,27.1905193328857,..,22.7626094818115,21.4383392333984,20.0817699432373,17.9427108764648,16.1314697265625,..,14.3201704025269,..,..,..,..,..,..,..,..,..,..,..,..,..,..,..,..,..,..,..
Brazil,BRA,"School enrollment, tertiary, female (% gross)",SE.TER.ENRR.FE,..,64.5541915893555,64.3465270996094,61.5902290344238,59.7261505126953,59.0510482788086,58.8043518066406,57.8912086486816,54.1341705322266,51.916618347168,49.3431396484375,..,42.1641693115234,40.1734085083008,34.4019393920898,..,29.2680797576904,27.5286502838135,26.398380279541,23.4713897705078,20.1296691894531,..,17.841890335083,..,..,..,..,..,..,..,..,..,..,..,..,..,..,..,..,..,..,..
Brazil,BRA,"School enrollment, tertiary (gross), gender parity index (GPI)",SE.ENR.TERT.FM.ZS,..,1.30202996730804,1.28112995624542,1.26634001731873,1.26814997196198,1.27637994289398,1.25352001190186,1.2647500038147,1.25976002216339,1.25802004337311,1.23860001564026,..,1.24329996109009,1.22670996189117,1.20961999893188,..,1.22227001190186,1.22124004364014,1.23927998542786,1.2355500459671,1.19861996173859,..,1.197389960289,..,..,..,..,..,..,..,..,..,..,..,..,..,..,..,..,..,..,..
Brazil,BRA,"School enrollment, tertiary (% gross)",SE.TER.ENRR,..,54.5727996826172,55.1362991333008,53.2573509216309,51.5707092285156,50.734489440918,51.3200416564941,50.1764488220215,47.0573692321777,45.1775398254395,43.459831237793,..,37.0383987426758,35.5620994567871,30.7866897583008,..,25.9896297454834,24.4912395477295,23.2169895172119,20.6956691741943,18.1542797088623,..,16.0841598510742,..,..,..,..,..,..,..,..,..,..,..,..,..,..,..,..,..,..,..
Brazil,BRA,"School enrollment, secondary, private (% of total secondary)",SE.SEC.PRIV.ZS,..,13.7834196090698,13.9766397476196,13.8600997924805,13.7440700531006,13.7716999053955,13.8556299209595,13.3731002807617,12.8780899047852,14.9810400009155,14.293869972229,13.6363201141357,13.076319694519,12.6405696868896,11.437370300293,..,12.5376195907593,12.2898502349854,10.8900499343872,11.0464897155762,..,..,..,..,..,..,..,..,..,..,..,..,..,..,..,..,..,..,..,..,..,..
Brazil,BRA,"School enrollment, secondary, male (% net)",SE.SEC.NENR.MA,..,..,..,..,80.33465,80.47069,79.82942,79.17517,79.86258,73.46456,74.68197,..,75.04176,..,69.07768,..,..,..,..,..,..,..,..,..,..,..,..,..,..,..,..,..,..,..,..,..,..,..,..,..,..,..
Brazil,BRA,"School enrollment, secondary, male (% gross)",SE.SEC.ENRR.MA,..,101.852668762207,101.970031738281,103.442672729492,101.490379333496,100.465858459473,98.2119293212891,99.3065338134766,100.666313171387,90.8357467651367,90.8514862060547,..,91.4506530761719,91.1272964477539,89.7616500854492,..,96.5186996459961,97.5577926635742,96.5988235473633,105.918266296387,..,..,..,..,..,..,..,..,..,..,..,..,..,..,..,..,..,..,..,..,..,..
Brazil,BRA,"School enrollment, secondary, female (% net)",SE.SEC.NENR.FE,..,..,..,..,83.18157,84.27552,83.63342,84.85284,84.32505,79.45052,81.36715,..,82.73203,..,77.48286,..,..,..,..,..,..,..,..,..,..,..,..,..,..,..,..,..,..,..,..,..,..,..,..,..,..,..
Brazil,BRA,"School enrollment, secondary, female (% gross)",SE.SEC.ENRR.FE,..,106.519920349121,106.028106689453,106.633720397949,104.605270385742,104.766120910645,103.753479003906,106.121192932129,107.282928466797,97.9080200195313,99.8542404174805,..,102.123626708984,102.601608276367,100.838150024414,..,106.214538574219,107.351440429688,107.328437805176,114.120399475098,..,..,..,..,..,..,..,..,..,..,..,..,..,..,..,..,..,..,..,..,..,..
Brazil,BRA,"School enrollment, secondary (gross), gender parity index (GPI)",SE.ENR.SECO.FM.ZS,..,1.04581999778748,1.03980004787445,1.03085005283356,1.03068995475769,1.042799949646,1.05641996860504,1.06861996650696,1.06572997570038,1.07785999774933,1.09908998012543,..,1.11670994758606,1.12592005729675,1.12339997291565,..,1.10046005249023,1.10038995742798,1.11107003688812,1.07744002342224,..,..,..,..,..,..,..,..,..,..,..,..,..,..,..,..,..,..,..,..,..,..
Brazil,BRA,"School enrollment, secondary (% net)",SE.SEC.NENR,..,..,..,..,81.72855,82.32779,81.68909,81.92489,82.04583,76.39968,77.95811,..,78.79924,..,73.1817,..,..,..,..,..,..,..,..,..,..,..,..,..,..,..,..,..,..,..,..,..,..,..,..,..,..,..
Brazil,BRA,"School enrollment, secondary (% gross)",SE.SEC.ENRR,..,104.125999450684,103.953277587891,105.00707244873,103.015960693359,102.569511413574,100.920516967773,102.635528564453,103.917678833008,94.3209762573242,95.2633819580078,..,96.6654815673828,96.7201232910156,95.1699981689453,..,101.2919921875,102.371032714844,101.868667602539,109.994216918945,..,..,..,..,..,..,..,..,..,..,..,..,..,..,..,..,..,..,..,..,..,..
Brazil,BRA,"School enrollment, primary, private (% of total primary)",SE.PRM.PRIV.ZS,..,18.6220607757568,18.6570301055908,18.2064399719238,17.7723693847656,17.8312091827393,17.3389701843262,16.8572692871094,16.1735401153564,15.8553104400635,14.6898002624512,13.7780704498291,12.812689781189,12.0762796401978,10.6691598892212,..,10.2803602218628,9.93344020843506,9.12038993835449,8.72605991363525,8.05601978302002,8.33108997344971,8.4639196395874,..,..,..,..,..,..,..,..,..,..,..,..,..,..,..,..,..,..,..
Brazil,BRA,"School enrollment, primary, male (% net)",SE.PRM.NENR.MA,..,..,..,..,..,..,94.77706,94.94907,93.64303,97.48756,95.42086,..,94.80411,..,90.59584,..,..,96.67737,..,..,..,..,..,..,..,..,..,..,..,..,..,..,..,..,..,..,..,..,..,..,..,..
Brazil,BRA,"School enrollment, primary, male (% gross)",SE.PRM.ENRR.MA,..,108.0517578125,109.064819335938,110.059967041016,111.437919616699,110.905738830566,111.488960266113,113.206520080566,112.829200744629,107.472351074219,110.973159790039,..,133.946136474609,136.599533081055,131.283599853516,..,137.215225219727,136.887847900391,144.479232788086,152.009353637695,155.561782836914,..,168.116973876953,..,..,..,..,..,..,..,..,..,..,..,..,..,..,..,..,..,..,..
Brazil,BRA,"School enrollment, primary, female (% net)",SE.PRM.NENR.FE,..,..,..,..,..,..,94.68207,94.72819,93.90186,98.69599,94.57989,..,96.30223,..,92.64555,..,..,92.07035,..,..,..,..,..,..,..,..,..,..,..,..,..,..,..,..,..,..,..,..,..,..,..,..
Brazil,BRA,"School enrollment, primary, female (% gross)",SE.PRM.ENRR.FE,..,102.880798339844,105.67684173584,107.111892700195,108.09001159668,106.517860412598,106.721626281738,107.334297180176,106.955070495605,101.953323364258,102.871551513672,..,128.188034057617,127.313117980957,124.878288269043,..,129.164566040039,130.364654541016,136.472610473633,141.545532226563,145.884902954102,..,163.020889282227,..,..,..,..,..,..,..,..,..,..,..,..,..,..,..,..,..,..,..
Brazil,BRA,"School enrollment, primary and secondary (gross), gender parity index (GPI)",SE.ENR.PRSC.FM.ZS,..,1.00648999214172,1.00990998744965,1.00668001174927,1.00513005256653,1.00854003429413,1.01473999023438,1.01811003684998,1.01664996147156,1.02224004268646,1.02467000484467,..,1.04416000843048,1.03873002529144,1.04399001598358,..,1.02884995937347,1.03352999687195,1.03544998168945,1.0129599571228,..,..,..,..,..,..,..,..,..,..,..,..,..,..,..,..,..,..,..,..,..,..
Brazil,BRA,"School enrollment, primary (gross), gender parity index (GPI)",SE.ENR.PRIM.FM.ZS,..,0.952139973640442,0.968940019607544,0.973209977149963,0.96995997428894,0.96043998003006,0.957239985466003,0.948130011558533,0.947939991950989,0.948650002479553,0.9269899725914,..,0.957009971141815,0.932020008563995,0.951210021972656,..,0.941330015659332,0.95235002040863,0.944580018520355,0.931159973144531,0.937789976596832,..,0.969690024852753,..,..,..,..,..,..,..,..,..,..,..,..,..,..,..,..,..,..,..
Brazil,BRA,"School enrollment, primary (% net)",SE.PRM.NENR,..,..,..,..,96.29925,95.47144,94.73055,94.84088,93.76937,98.0755,95.00738,..,95.52765,97.54903,91.58906,..,94.85334,94.42334,93.17962,95.73049,98.03385,..,96.914,..,..,..,..,..,..,..,..,..,..,..,..,..,..,..,..,..,..,..
Brazil,BRA,"School enrollment, primary (% gross)",SE.PRM.ENRR,..,105.498199462891,107.407470703125,108.623291015625,109.80850982666,108.757843017578,109.152183532715,110.316459655762,109.945137023926,104.7822265625,106.985061645508,..,131.165161132813,132.055206298828,128.179794311523,..,133.262161254883,133.696304321289,140.544494628906,146.827789306641,150.785552978516,..,165.645385742188,..,..,..,..,..,..,..,..,..,..,..,..,..,..,..,..,..,..,..
Brazil,BRA,"School enrollment, preprimary, male (% gross)",SE.PRE.ENRR.MA,..,86.1499176025391,95.1236724853516,96.8856430053711,96.3731689453125,93.770263671875,90.5587768554688,89.4158706665039,85.5691604614258,..,..,..,..,..,..,..,..,..,..,..,..,..,..,..,..,..,..,..,..,..,..,..,..,..,..,..,..,..,..,..,..,..
Brazil,BRA,"School enrollment, preprimary, female (% gross)",SE.PRE.ENRR.FE,..,85.7253799438477,95.8665771484375,96.1464462280273,97.1437835693359,98.7742614746094,90.7840576171875,91.2110366821289,87.9503021240234,..,..,..,..,..,..,..,..,..,..,..,..,..,..,..,..,..,..,..,..,..,..,..,..,..,..,..,..,..,..,..,..,..
Brazil,BRA,"School enrollment, preprimary (% gross)",SE.PRE.ENRR,..,85.9419708251953,95.485221862793,96.522819519043,96.7483596801758,96.1514282226563,90.6688003540039,90.2850875854492,86.7173080444336,86.0418014526367,81.6770401000977,..,56.2817497253418,57.422721862793,53.7242393493652,..,..,..,..,..,..,..,..,..,..,..,..,..,..,..,..,..,..,..,..,..,..,..,..,..,..,..
Brazil,BRA,"Probability of dying among youth ages 20-24 years (per 1,000)",SH.DYN.2024,7.3,7.5,7.7,7.8,8,8.1,8.2,8.1,8.1,8,8,7.9,7.8,7.7,7.6,7.6,7.6,7.7,7.9,8,8,8.1,8.1,8.2,8.2,8.2,8.2,8.1,8,7.9,7.9,8.1,..,..,..,..,..,..,..,..,..,..
Brazil,BRA,"Probability of dying among children ages 5-9 years (per 1,000)",SH.DYN.0509,0.9,1,1,1,1.1,1.1,1.1,1.2,1.2,1.2,1.3,1.3,1.3,1.3,1.4,1.4,1.4,1.4,1.4,1.5,1.5,1.5,1.6,1.6,1.6,1.7,1.7,1.8,1.8,1.8,1.9,2,..,..,..,..,..,..,..,..,..,..
Brazil,BRA,"Probability of dying among adolescents ages 15-19 years (per 1,000)",SH.DYN.1519,4.8,5,5.4,5.7,6.1,6.3,6.4,6.3,6.2,6,5.8,5.6,5.5,5.4,5.4,5.3,5.4,5.4,5.5,5.5,5.4,5.4,5.4,5.4,5.5,5.5,5.4,5.3,5.3,5.2,5.3,5.4,..,..,..,..,..,..,..,..,..,..
Brazil,BRA,"Probability of dying among adolescents ages 10-14 years (per 1,000)",SH.DYN.1014,1.3,1.3,1.4,1.4,1.5,1.5,1.5,1.5,1.6,1.6,1.6,1.6,1.7,1.7,1.7,1.7,1.7,1.7,1.8,1.8,1.8,1.8,1.9,1.9,1.9,2,2,2,2,2.1,2.1,2.2,..,..,..,..,..,..,..,..,..,..
Brazil,BRA,"Primary education, duration (years)",SE.PRM.DURS,5,5,5,5,5,5,5,5,5,5,5,5,4,4,4,4,4,4,4,4,4,4,4,4,4,4,4,4,4,4,4,4,4,4,4,4,4,4,4,4,4,4
Brazil,BRA,"Primary completion rate, total (% of relevant age group)",SE.PRM.CMPT.ZS,..,..,..,..,..,..,..,..,..,..,..,..,..,..,..,..,..,100.684646606445,109.366607666016,114.199432373047,112.229606628418,..,..,..,..,..,..,..,..,..,..,..,..,..,..,..,..,..,..,..,..,..
Brazil,BRA,"Primary completion rate, male (% of relevant age group)",SE.PRM.CMPT.MA.ZS,..,..,..,..,..,..,..,..,..,..,..,..,..,..,..,..,..,..,..,..,..,..,..,..,..,..,..,..,..,..,..,..,..,..,..,..,..,..,..,..,..,..
Brazil,BRA,"Primary completion rate, female (% of relevant age group)",SE.PRM.CMPT.FE.ZS,..,..,..,..,..,..,..,..,..,..,..,..,..,..,..,..,..,..,..,..,..,..,..,..,..,..,..,..,..,..,..,..,..,..,..,..,..,..,..,..,..,..
Brazil,BRA,Prevalence of undernourishment (% of population),SN.ITK.DEFC.ZS,..,4.1,2.6,2.5,2.5,2.5,2.5,2.5,2.8,3,3.2,3.7,4.3,5.1,5.6,6.2,6.5,6.8,7.9,9.3,10.7,..,..,..,..,..,..,..,..,..,..,..,..,..,..,..,..,..,..,..,..,..
Brazil,BRA,"Prevalence of stunting, height for age, male (% of children under 5)",SH.STA.STNT.MA.ZS,..,..,..,..,..,..,..,..,..,..,..,..,..,..,8,..,..,..,..,..,..,..,..,..,..,14.8,..,..,..,..,..,..,21.1,..,..,..,..,..,..,..,..,..
Brazil,BRA,"Prevalence of stunting, height for age, female (% of children under 5)",SH.STA.STNT.FE.ZS,..,..,..,..,..,..,..,..,..,..,..,..,..,..,5.8,..,..,..,..,..,..,..,..,..,..,11.1,..,..,..,..,..,..,18.5,..,..,..,..,..,..,..,..,..
Brazil,BRA,"Prevalence of stunting, height for age (modeled estimate, % of children under 5)",SH.STA.STNT.ME.ZS,..,6.1,6.1,6.1,6.1,6.1,6.1,6.1,6.2,6.3,6.4,6.6,6.7,6.9,7.1,7.3,7.5,7.8,8.1,8.6,9.1,9.8,..,..,..,..,..,..,..,..,..,..,..,..,..,..,..,..,..,..,..,..
Brazil,BRA,"Prevalence of stunting, height for age (% of children under 5)",SH.STA.STNT.ZS,..,..,..,..,..,..,..,..,..,..,..,..,..,..,7,..,..,..,..,..,..,..,..,..,..,13,..,..,..,..,..,..,19.8,..,..,..,..,..,..,..,..,..
Brazil,BRA,"Prevalence of severe wasting, weight for height, male (% of children under 5)",SH.SVR.WAST.MA.ZS,..,..,..,..,..,..,..,..,..,..,..,..,..,..,0.3,..,..,..,..,..,..,..,..,..,..,0.9,..,..,..,..,..,..,1.2,..,..,..,..,..,..,..,..,..
Brazil,BRA,"Prevalence of severe wasting, weight for height (% of children under 5)",SH.SVR.WAST.ZS,..,..,..,..,..,..,..,..,..,..,..,..,..,..,0.4,..,..,..,..,..,..,..,..,..,..,1,..,..,..,..,..,..,0.9,..,..,..,..,..,..,..,..,..
Brazil,BRA,"Prevalence of severe wasting, weight for height, female (% of children under 5)",SH.SVR.WAST.FE.ZS,..,..,..,..,..,..,..,..,..,..,..,..,..,..,0.5,..,..,..,..,..,..,..,..,..,..,1,..,..,..,..,..,..,0.6,..,..,..,..,..,..,..,..,..
Brazil,BRA,Prevalence of severe food insecurity in the population (%),SN.ITK.SVFI.ZS,..,7.3,3.5,1.6,1.7,1.8,1.9,..,..,..,..,..,..,..,..,..,..,..,..,..,..,..,..,..,..,..,..,..,..,..,..,..,..,..,..,..,..,..,..,..,..,..
Brazil,BRA,"Prevalence of overweight, weight for height, male (% of children under 5)",SH.STA.OWGH.MA.ZS,..,..,..,..,..,..,..,..,..,..,..,..,..,..,6,..,..,..,..,..,..,..,..,..,..,6.8,..,..,..,..,..,..,7.9,..,..,..,..,..,..,..,..,..
Brazil,BRA,"Prevalence of overweight, weight for height, female (% of children under 5)",SH.STA.OWGH.FE.ZS,..,..,..,..,..,..,..,..,..,..,..,..,..,..,6.8,..,..,..,..,..,..,..,..,..,..,5.3,..,..,..,..,..,..,6.9,..,..,..,..,..,..,..,..,..
Brazil,BRA,"Prevalence of overweight, weight for height (% of children under 5)",SH.STA.OWGH.ZS,..,..,..,..,..,..,..,..,..,..,..,..,..,..,6.4,..,..,..,..,..,..,..,..,..,..,6.1,..,..,..,..,..,..,7.4,..,..,..,..,..,..,..,..,..
Brazil,BRA,"Prevalence of overweight (modeled estimate, % of children under 5)",SH.STA.OWGH.ME.ZS,..,7.3,7.2,7.2,7.1,7.1,7.1,7,6.9,6.9,6.8,6.8,6.7,6.6,6.6,6.5,6.5,6.4,6.4,6.3,6.2,6.2,..,..,..,..,..,..,..,..,..,..,..,..,..,..,..,..,..,..,..,..
Brazil,BRA,Prevalence of moderate or severe food insecurity in the population (%),SN.ITK.MSFI.ZS,..,28.9,23.5,20.6,21.8,21.5,18.3,..,..,..,..,..,..,..,..,..,..,..,..,..,..,..,..,..,..,..,..,..,..,..,..,..,..,..,..,..,..,..,..,..,..,..
Brazil,BRA,"Preprimary education, duration (years)",SE.PRE.DURS,6,6,6,6,6,6,6,6,6,6,6,6,7,7,7,7,7,7,7,7,7,7,7,..,..,..,..,..,..,..,..,..,..,..,..,..,..,..,..,..,..,..
Brazil,BRA,Poverty headcount ratio at national poverty lines (% of population),SI.POV.NAHC,..,..,..,..,..,..,..,..,..,..,..,..,..,..,..,..,..,..,..,..,..,..,..,..,..,..,..,..,..,..,..,..,..,..,..,..,..,..,..,..,..,..
Brazil,BRA,"Persistence to last grade of primary, total (% of cohort)",SE.PRM.PRSL.ZS,..,..,..,..,..,..,..,..,..,..,..,..,..,..,..,..,..,..,80.6246566772461,83.7102508544922,84.6197204589844,80.1327667236328,..,..,..,..,..,..,74.0058288574219,70.915412902832,71.7324066162109,..,..,..,..,..,..,47.1288681030273,56.3743705749512,..,50.1908988952637,41.6103286743164
Brazil,BRA,"Persistence to last grade of primary, male (% of cohort)",SE.PRM.PRSL.MA.ZS,..,..,..,..,..,..,..,..,..,..,..,..,..,..,..,..,..,..,..,..,..,..,..,..,..,..,..,..,..,..,..,..,..,..,..,..,..,..,..,..,..,..
Brazil,BRA,"Persistence to last grade of primary, female (% of cohort)",SE.PRM.PRSL.FE.ZS,..,..,..,..,..,..,..,..,..,..,..,..,..,..,..,..,..,..,..,..,..,..,..,..,..,..,..,..,..,..,..,..,..,..,..,..,..,..,..,..,..,..
Brazil,BRA,"Persistence to grade 5, total (% of cohort)",SE.PRM.PRS5.ZS,..,..,..,..,..,..,..,..,..,..,..,..,..,..,..,..,..,..,..,..,..,..,..,..,..,..,..,..,..,..,..,..,..,..,..,..,..,..,..,..,..,..
Brazil,BRA,"Persistence to grade 5, male (% of cohort)",SE.PRM.PRS5.MA.ZS,..,..,..,..,..,..,..,..,..,..,..,..,..,..,..,..,..,..,..,..,..,..,..,..,..,..,..,..,..,..,..,..,..,..,..,..,..,..,..,..,..,..
Brazil,BRA,"Persistence to grade 5, female (% of cohort)",SE.PRM.PRS5.FE.ZS,..,..,..,..,..,..,..,..,..,..,..,..,..,..,..,..,..,..,..,..,..,..,..,..,..,..,..,..,..,..,..,..,..,..,..,..,..,..,..,..,..,..
Brazil,BRA,Number of under-five deaths,SH.DTH.MORT,40107,41757,43702,44802,45063,49555,47908,48548,49731,51861,54273,56852,59967,63892,68832,74540,80510,86541,94129,103195,112438,121904,131906,141981,151941,162713,173799,185225,197229,210173,224081,237416,250595,263648,276855,290103,303670,317493,331089,344207,356915,368575
Brazil,BRA,Number of infant deaths,SH.DTH.IMRT,35635,37152,38991,40017,40187,44573,42825,43328,44337,46261,48406,50648,53358,56776,61128,66137,71292,76330,82692,90481,98308,106306,114722,123141,131179,139848,148526,157301,166243,176041,186652,196801,206798,216736,226814,236921,247444,258071,268392,278132,287244,295246
Brazil,BRA,Number of deaths ages 5-9 years,SH.DTH.0509,2695,2829,2957,3088,3217,3343,3471,3605,3740,3881,4026,4167,4307,4453,4593,4715,4826,4927,5018,5106,5206,5321,5459,5626,5818,6015,6204,6386,6559,6734,6924,7137,..,..,..,..,..,..,..,..,..,..
Brazil,BRA,Number of deaths ages 10-14 years,SH.DTH.1014,3871,4050,4237,4415,4581,4744,4900,5061,5236,5409,5551,5664,5750,5805,5843,5885,5941,6016,6115,6236,6374,6513,6662,6816,6964,7087,7172,7218,7231,7231,7246,7294,..,..,..,..,..,..,..,..,..,..
Brazil,BRA,Number of deaths ages 15-19 years,SH.DTH.1519,15160,16294,17636,19129,20536,21506,21903,21812,21358,20702,20031,19450,19019,18784,18744,18891,19174,19474,19689,19765,19693,19508,19301,19146,18976,18636,18079,17428,16827,16405,16275,16461,..,..,..,..,..,..,..,..,..,..
Brazil,BRA,Net intake rate in grade 1 (% of official school-age population),SE.PRM.NINT.ZS,..,..,..,..,..,..,..,..,..,..,..,..,..,..,..,..,..,..,..,..,..,..,..,..,..,..,..,..,..,..,..,..,..,..,..,..,..,..,..,..,..,..
Brazil,BRA,"Net intake rate in grade 1, female (% of official school-age population)",SE.PRM.NINT.FE.ZS,..,..,..,..,..,..,..,..,..,..,..,..,..,..,..,..,..,..,..,..,..,..,..,..,..,..,..,..,..,..,..,..,..,..,..,..,..,..,..,..,..,..
Brazil,BRA,"Net intake rate in grade 1, male (% of official school-age population)",SE.PRM.NINT.MA.ZS,..,..,..,..,..,..,..,..,..,..,..,..,..,..,..,..,..,..,..,..,..,..,..,..,..,..,..,..,..,..,..,..,..,..,..,..,..,..,..,..,..,..
Brazil,BRA,"Mortality rate, infant (per 1,000 live births)",SP.DYN.IMRT.IN,12.9,13.1,13.4,13.5,13.8,15.1,14.3,14.6,14.9,15.4,16,16.7,17.5,18.4,19.5,20.7,22,23.5,25.1,26.8,28.6,30.4,32.3,34.3,36.4,38.7,41.1,43.5,46,48.3,50.6,52.7,54.7,56.6,58.6,60.7,62.9,65.3,67.9,70.6,73.6,76.6
Brazil,BRA,"Mortality rate, infant, female (per 1,000 live births)",SP.DYN.IMRT.FE.IN,11.4,11.6,11.8,12,12.1,13.4,12.6,12.8,13.2,13.6,14.1,14.7,15.4,16.2,17.1,18.2,19.4,20.7,22.1,23.6,25.2,26.8,28.5,30.4,32.3,34.4,36.5,38.7,41,43.1,45.2,47.1,49,50.8,52.6,54.4,56.4,58.5,60.8,63.2,65.7,68.3
Brazil,BRA,"Mortality rate, infant, male (per 1,000 live births)",SP.DYN.IMRT.MA.IN,14.3,14.6,14.8,15.1,15.3,16.7,15.8,16.2,16.6,17.1,17.8,18.6,19.5,20.5,21.7,23,24.5,26.2,28,29.8,31.7,33.8,35.9,38.1,40.4,42.8,45.4,48.1,50.8,53.3,55.7,58,60.1,62.2,64.4,66.6,69.1,71.7,74.5,77.7,81.1,84.4
Brazil,BRA,"Mortality rate attributed to unsafe water, unsafe sanitation and lack of hygiene (per 100,000 population)",SH.STA.WASH.P5,..,..,..,..,..,1,..,..,..,..,..,..,..,..,..,..,..,..,..,..,..,..,..,..,..,..,..,..,..,..,..,..,..,..,..,..,..,..,..,..,..,..
,,,,,,,,,,,,,,,,,,,,,,,,,,,,,,,,,,,,,,,,,,,,,
,,,,,,,,,,,,,,,,,,,,,,,,,,,,,,,,,,,,,,,,,,,,,
,,,,,,,,,,,,,,,,,,,,,,,,,,,,,,,,,,,,,,,,,,,,,
Data from database: World Development Indicators,,,,,,,,,,,,,,,,,,,,,,,,,,,,,,,,,,,,,,,,,,,,,
Last Updated: 03/30/2023,,,,,,,,,,,,,,,,,,,,,,,,,,,,,,,,,,,,,,,,,,,,,
